<?xml version="1.0" encoding="UTF-8"?>
<beans xmlns="http://www.springframework.org/schema/beans"
       xmlns:xsi="http://www.w3.org/2001/XMLSchema-instance"
       xmlns:context="http://www.springframework.org/schema/context"
       xmlns:mybatis-spring="http://mybatis.org/schema/mybatis-spring"
       xmlns:tx="http://www.springframework.org/schema/tx"
       xsi:schemaLocation="http://www.springframework.org/schema/beans http://www.springframework.org/schema/beans/spring-beans.xsd
                           http://www.springframework.org/schema/context https://www.springframework.org/schema/context/spring-context.xsd
                           http://mybatis.org/schema/mybatis-spring http://mybatis.org/schema/mybatis-spring.xsd
                           http://www.springframework.org/schema/tx http://www.springframework.org/schema/tx/spring-tx.xsd">


    <!-- DTO, Service, config, .. Web(url)과 관련없는 bean-->
    <context:component-scan base-package="spring.conf"/>
    <context:component-scan base-package="user.*"/>
    <context:component-scan base-package="manager.*"/>

    <!-- DAO와 Mapper.xml 연결-->
    <mybatis-spring:scan base-package="user.dao"/>
    <mybatis-spring:scan base-package="manager.dao"/>

    <!-- 파일 모두 생성했는지 확인 -->
    <bean id="sqlSessionFactory" class="org.mybatis.spring.SqlSessionFactoryBean">
        <property name="dataSource" ref="dataSource"/>
        <property name="configLocation" value ="classpath:/spring/mybatis-config.xml" />
        <property name="mapperLocations" value="classpath:/mapper/*.xml" />
    </bean>

    <bean id="sqlSession" class="org.mybatis.spring.SqlSessionTemplate">
        <constructor-arg name="sqlSessionFactory" ref="sqlSessionFactory" />
    </bean>

    <bean id="transactionManager"
          class="org.springframework.jdbc.datasource.DataSourceTransactionManager">
        <property name="dataSource" ref="dataSource" />
    </bean>

</beans>