<?xml version="1.0" encoding="UTF-8"?>
<configuration scan="true" scanPeriod="30 seconds"> <!-- logback 구현체가 설정을 확인하는 주기 -->
  <property name="moduleId" value="around_hub_spring_boot"/><!-- moduleId는 프로젝트가 설치된 폴더명 또는 구분할 수 있는 식별자이면 됨 -->
  <property name="type" value="around_hub"/><!-- 로그파일명을 구성하는 인자 -->
  <property name="logback" value="logback"/><!-- log를 저장할 최종 디렉토리명 -->
  <property name="logdir" value="D:\Workspace\LogFiles"/>

  <!-- Colors -->
  <!-- %black", "%red", "%green", "%yellow", "%blue", "%magenta",
  "%cyan", "%white", "%gray", "%boldRed", "%boldGreen", "%boldYellow",
  "%boldBlue", "%boldMagenta", "%boldCyan", "%boldWhite" and "%highlight" -->

  <!-- Appenders -->
  <appender name="console" class="ch.qos.logback.core.ConsoleAppender">
    <filter class="ch.qos.logback.classic.filter.ThresholdFilter">
      <level>DEBUG</level>
    </filter>
    <encoder>
      <pattern>%green([%d{yyyy-MM-dd HH:mm:ss.SSS}]) %magenta([%-5level]) %highlight([%thread]) %cyan(%logger{30}) %yellow(%msg%n)</pattern>
    </encoder>
  </appender>


  <appender name="DEBUG_LOG" class="ch.qos.logback.core.rolling.RollingFileAppender">
    <filter class="ch.qos.logback.classic.filter.ThresholdFilter">
      <level>DEBUG</level>
    </filter>
    <file>${logdir}/${moduleId}/${logback}/debug_${type}.log</file>
    <append>true</append>
    <rollingPolicy class="ch.qos.logback.core.rolling.TimeBasedRollingPolicy">
      <fileNamePattern>${logdir}/${moduleId}/${logback}/debug_${type}.%d{yyyy-MM-dd}.gz</fileNamePattern>
      <maxHistory>30</maxHistory>
    </rollingPolicy>
    <encoder>
      <pattern>[%d{yyyy-MM-dd HH:mm:ss.SSS}] [%-5level] [%thread] %logger %msg%n</pattern>
    </encoder>
  </appender>

  <appender name="INFO_LOG" class="ch.qos.logback.core.rolling.RollingFileAppender">
    <filter class="ch.qos.logback.classic.filter.ThresholdFilter">
      <level>INFO</level>
    </filter>
    <file>${logdir}/${moduleId}/${logback}/info_${type}.log</file>
    <append>true</append>
    <rollingPolicy class="ch.qos.logback.core.rolling.TimeBasedRollingPolicy">
      <fileNamePattern>${logdir}/${moduleId}/${logback}/info_${type}.%d{yyyy-MM-dd}.gz</fileNamePattern>
      <maxHistory>30</maxHistory>
    </rollingPolicy>
    <encoder>
      <pattern>[%d{yyyy-MM-dd HH:mm:ss.SSS}] [%-5level] [%thread] %logger %msg%n</pattern>
    </encoder>
  </appender>

  <!--
  <appender name="WARN_LOG" class="ch.qos.logback.core.rolling.RollingFileAppender">
    <filter class="ch.qos.logback.classic.filter.ThresholdFilter">
      <level>WARN</level>
    </filter>
    <file>${logdir}/${moduleId}/${logback}/warn_${type}.log</file>
    <append>true</append>
    <rollingPolicy class="ch.qos.logback.core.rolling.TimeBasedRollingPolicy">
      <fileNamePattern>${logdir}/${moduleId}/${logback}/warn_${type}.%d{yyyy-MM-dd}.gz</fileNamePattern>
      <maxHistory>30</maxHistory>
    </rollingPolicy>
    <encoder>
      <pattern>[%d{yyyy-MM-dd HH:mm:ss.SSS}] [%-5level] [%thread] %logger %msg%n</pattern>
    </encoder>
  </appender>

  <appender name="ERROR_LOG" class="ch.qos.logback.core.rolling.RollingFileAppender">
    <filter class="ch.qos.logback.classic.filter.ThresholdFilter">
      <level>WARN</level>
    </filter>
    <file>${logdir}/${moduleId}/${logback}/error_${type}.log</file>
    <append>true</append>
    <rollingPolicy class="ch.qos.logback.core.rolling.TimeBasedRollingPolicy">
      <fileNamePattern>${logdir}/${moduleId}/${logback}/error_${type}.%d{yyyy-MM-dd}.gz</fileNamePattern>
      <maxHistory>30</maxHistory>
    </rollingPolicy>
    <encoder>
      <pattern>[%d{yyyy-MM-dd HH:mm:ss.SSS}] [%-5level] [%thread] %logger %msg%n</pattern>
    </encoder>
  </appender>
-->
  <!-- TRACE > DEBUG > INFO > WARN > ERROR > OFF -->
  <!-- Root Logger -->
  <root level="INFO">
    <appender-ref ref="console" />
    <!--
<appender-ref ref="DEBUG_LOG" />
<appender-ref ref="INFO_LOG" />
<appender-ref ref="WARN_LOG" />
<appender-ref ref="ERROR_LOG" />
-->
  </root>
</configuration>
