<?xml version="1.0" encoding="UTF-8"?>
<beans xmlns="http://www.springframework.org/schema/beans"
       xmlns:xsi="http://www.w3.org/2001/XMLSchema-instance" xmlns:mvc="http://www.springframework.org/schema/mvc"
       xmlns:context="http://www.springframework.org/schema/context"
       xsi:schemaLocation="http://www.springframework.org/schema/beans http://www.springframework.org/schema/beans/spring-beans.xsd http://www.springframework.org/schema/mvc https://www.springframework.org/schema/mvc/spring-mvc.xsd http://www.springframework.org/schema/context https://www.springframework.org/schema/context/spring-context.xsd">

    <!-- Controller -->
    <context:component-scan base-package="com.controller"/>
    <context:component-scan base-package="user.controller"/>


    <bean id="viewResolver" class="org.springframework.web.servlet.view.InternalResourceViewResolver">
        <property name="prefix" value="/WEB-INF/view/jsp/"/>
        <property name="suffix" value=".jsp"/>
    </bean>

    <!-- Spring Web MVC를 하기 위해서 설정해야 하는 값들을 자동으로 추가-->
    <mvc:annotation-driven/>
    <mvc:resources mapping="/js/**" location="/WEB-INF/view/js/"/>
    <mvc:resources mapping="/image/**" location="/WEB-INF/view/image/"/>
    <mvc:resources mapping="/css/**" location="/WEB-INF/view/css/"/>


</beans>